0,1,2,3,4,target
-1.002668587369791,-0.9906709306271492,2.1982963386704926,0.5934659196032391,0.010185518712073464,7.036041181768589
-0.7099302410695836,0.7588295490231017,2.1101535242189025,-0.5829433945049773,-1.552680541059164,-109.49841781719445
0.25723531833617574,1.3037877009643817,1.398956882627307,-1.0857035365978491,-0.6268877439627492,-53.32051553928034
-1.1557924789632028,-0.1742921340664021,0.19867297014966484,-0.15630346833864264,-0.3088029093452499,-22.209952109755122
0.10482780282721457,1.1279566249333806,-0.7112857556104383,-0.8746625219888452,-0.6844015561404262,-54.88394861977442
-0.0984525244254323,-0.8264385386590144,-0.7447548220484399,-0.06824160532463124,1.7133427216493666,113.20522728566799
-0.5327027919795545,-1.7776669547337063,-1.5023965693817127,0.330576756274374,0.9492464735582357,66.66637430877365
-0.10978162841011524,-1.2163040593454202,-0.5608413837692965,-0.2781107388159712,-0.2767468147065723,-21.38334628036792
0.544144752358008,0.9541895808987649,-0.4917301080135276,-0.7083850523381071,-0.015779217120995174,-8.639323931099861
0.41060179132004765,0.81547196924006,-0.01345146935738968,0.15217697558826634,-0.37412632026430587,-23.248701601518118
-0.5966708555383098,-0.42378824854947633,0.6795678657650824,1.4198639721964357,-0.9651066080644173,-48.9659122189244
-0.5472027440095443,0.6492105278342116,0.5443548782853931,-0.5177226421252706,0.22247557662871947,9.247354983278353
-0.22612246976395622,-0.6088151174171313,0.6335339024604004,-0.7263658321861022,-0.17245859668145705,-19.251077209245636
-0.38951838830509233,1.3827104147937164,0.04236113987702397,-2.1061972119965278,-1.6929114483856118,-135.14465201450665
1.7426687806556311,0.2842796708072146,1.0479721559680528,0.175818953296028,0.4986902749098275,35.046462914846984
0.2601329049387677,-0.04459939272557343,-0.03890530666380676,0.4740078672770297,0.7271748700204365,53.43552481942346
1.509508919131059,-0.9203095152494392,0.6110578840796482,0.3170981661632435,-0.6062513479848161,-36.91784245453403
0.2800784997871991,-0.5045529733467955,1.9976262903838293,0.5902590078870354,-0.2920606120476349,-13.097530623658109
0.6103793791072052,-1.582938397335082,-1.3833639553950554,0.6947491436560059,-0.7255973784635843,-40.807938303454534
0.08858019739351672,1.2073749867680004,-0.09025006997557641,1.2058185564171595,0.4189720107584767,40.78120309968264
1.2740445379470846,0.8655251906712624,0.49097105518197964,-0.30713172015868406,-0.44903714144696555,-33.151510055334924
0.08961985783925162,-0.8257793632512705,-0.39522206585005965,1.0106937159878049,-0.743227540017318,-38.595136758190485
0.5053869385773427,2.023471949769974,-0.3497821801115369,0.13157396790806872,-1.4055600473918899,-92.05926214897053
-0.8322906073812125,2.1209624053489393,-0.26051296123166656,-0.33157689521452005,-0.693308894624811,-49.65737380770354
0.002571182431510025,-0.4832495424791074,0.4113342428976086,0.7747283190671621,-1.8081439264982515,-111.93978398652705
-2.158068563961257,0.4760313834381145,-0.5654978063746563,-0.9988487960953681,-0.7401367907395136,-59.92091065245425
0.1086471247130269,-0.47232323974695456,-0.7599342678179074,-0.5838408439896756,-1.0237014524008545,-74.33119798080122
-1.9495717876297631,-0.05313833944148108,-0.04538336414627235,0.1398265977676514,1.7388572080107567,117.13128079770655
0.13317988510928516,0.7965607238585666,-0.05543902287903261,0.8139379101673242,-0.5943319714745705,-30.801804856495693
-0.30230275057533557,-0.3873268174079523,1.2023798487844113,0.15634896910398005,1.2302906807277207,83.48889944872454
-0.9880019424937344,-0.10434349149469264,-1.2845522979925272,-2.245321648371402,0.5640085350738091,13.4487054705363
-1.1041239857992617,-0.8087175319795337,0.43283762149999394,-0.020129103877537476,0.7750232632241703,51.32297191618235
1.6683110596343254,0.6046820302458011,3.4275385470024933,-0.7525822843367992,0.04511300381296627,-5.063575404926997
-1.3937694505355664,-0.7252820469086563,-0.21687421093048462,-1.0320790120116095,-0.364435080540589,-35.292987598361776
1.2396584973723306,0.9122820275716164,-0.017285085867285055,-1.9519108283003872,2.4412161593165287,141.4258003669238
-0.11038929902688775,-0.7826291558275251,-0.9646120137337284,-0.11510746848722672,0.4574156062209908,29.18457841785365
0.09740016626878341,-0.3108861716984717,0.08842208704466141,0.18877859679382855,0.5238910238342056,36.86115618618719
-0.17858909208732915,-0.9301565025243212,-0.21673147057553863,0.37923553353558676,-0.4700328827008748,-27.193612224268826
-0.85172919725359,0.1903115575939397,0.36754489602226903,-1.4617326882614081,-0.6834397667886818,-61.11017208297259
1.0725008472837532,1.697271698382945,0.4865783488274911,0.267483863058567,-1.6518170353950992,-106.97901349283289
-0.3479121493261526,-1.980796468223927,-0.8877857476301128,0.1549474256969163,0.37816251960217356,26.807800928167136
-0.7823243190080752,-0.7362970898953761,0.8130363779939603,-0.3423680438532295,-0.3103042253300736,-24.303383654274768
0.7825788808419775,-0.3979120985908414,1.3985620921255355,0.17233913922918878,-1.649216974417132,-107.8255419513909
0.23562085796756577,-1.0952255555087331,1.5507206012024957,2.2993803999795928,1.030295627593692,93.15091032099012
0.015146785628840823,0.7774339337937849,0.5610028884976374,-0.2863182808100257,-0.38471785209355397,-28.65130434858339
0.8565337952186948,-0.4599695250050315,-0.16964534184247834,-1.8127021751499166,-0.12461801725822107,-27.70928871785707
0.6157716342353539,-0.30068611486952007,1.707713757875415,-0.8343493679865688,-0.10875854160691914,-16.172049545713648
2.6346028008384064,-1.6377062871469008,1.1971284524677603,1.0531720698562863,-0.5772435517429559,-27.102151781263174
0.6265642507453606,0.03890870585621503,0.1712435451522125,0.6572676903047773,-0.6470535263827593,-35.986409019005166
0.748761552370252,1.27765178536808,-0.7509349820524425,0.44916899178032776,-0.13130190748240836,-3.9188734437329513
0.4133850208671531,0.829629840299415,-0.1786205987004569,-1.2132523301524183,2.600671870417404,159.94390257575554
-0.3627411659871381,-0.6343220936809636,0.3024718977397814,0.42833187053041766,0.06651722238316789,9.012736299898837
0.046361416687283746,-0.155507544920311,-0.7002084788825496,0.052346853819242464,0.9653596689691221,64.75679032941632
0.5595475579549989,0.029122145219122923,-1.1789442221216164,-1.110932224412242,2.3856216323424393,146.7394850826615
1.866683148331627,-1.3730535360419285,-1.6064396894498327,-1.0117740841054885,0.08496813703770767,-5.190348452501335
-1.5188686591575293,0.20823317071100664,0.07198519493602167,0.7845553343209962,1.146432013867845,84.64327857758471
-1.228094832615539,-1.92070559892993,0.20431859061611557,-0.6009569793824571,0.7064716137023735,40.54102397205169
-0.1285875503163606,0.4146742666092209,1.8571022697558597,-0.20496055173029593,-0.1740068375080337,-13.767420971886953
0.12395962687166076,0.41430683392395123,-1.859523605626927,-2.0463931362481103,-1.8096901927314875,-142.2696053963414
-0.7823669669020897,-0.3480463796426194,-0.2559576692142683,0.6027076564293296,-0.5946497697204054,-33.086171543226726
-0.2040354467315335,-0.0183737291210248,-0.9691122669007304,0.8593307615266595,0.2836469927977868,28.069704959890572
1.327782695957983,-0.29039710080386677,-0.6963266538610828,-0.7049213525074449,0.6799748442451024,37.66507293783174
1.7369296058777373,0.6036766869570822,-0.6351763985362037,-0.43700771283686035,0.6981697387398562,41.74559321195781
1.0805441270254872,-0.11341163064273396,-0.015005087031364805,1.626649562301582,-0.21143829084555663,3.3682515430102367
0.08645252400759346,0.8783037577325304,-0.8869043262838756,-1.857483271594538,0.3825981367234629,5.540514497150671
-1.2897313485426964,-0.41234544828986397,0.4591159461848912,1.6632302337974796,0.9258661960884993,79.39035600395333
1.070360016973174,0.2934713976498223,-0.25686969733191695,-0.780279868390064,1.454035748839167,88.33229121278386
1.8022422297905472,0.9000542427640723,-1.2402163364077703,0.07851402517417629,0.41780058320608143,28.62476354108008
0.242117960985123,-0.8889713580954499,-1.6812182154944335,-0.22260568094832048,-0.9130792180417964,-63.10441101913197
-0.5189002044248521,1.1173053155366646,-1.0848560594614451,-0.79211502056515,-1.0455245570694658,-78.01398343042315
-1.0091240312138865,0.5373801933590323,1.2075525841594366,1.0697923918589658,1.5954041685761902,117.55587598984204
-1.2066216213524694,-1.9060746459861684,-0.16047670605228337,0.18076260698238036,-1.3129683339991836,-85.37492789848173
-0.7110405967911112,-0.06036249439233865,-0.6701258977272965,-0.29104146327302577,0.5541275783267697,33.730824123762595
1.2818364449277098,0.09990505958835168,-1.9408824281905628,-0.15059865418995214,-0.7210639967808063,-49.563976618509365
-0.36505521654625767,0.19275384906521617,-0.9191134448699437,-0.4990166379941829,0.02135122384354861,-3.926884295777965
0.7790512201329916,-0.3634377801160514,-0.12656933163938985,-0.6378405564735843,-1.6641729851661735,-117.50080502685567
1.5709647086757912,-1.8731196623660062,0.34297653786693605,0.7429509766083332,0.8439889133578954,64.08519773008422
-0.6260582718898234,-0.5869026451800015,-0.251656358946396,-0.06611522595320368,-0.4224987168254349,-28.804339666571465
-0.8540957393017248,0.31306770165090136,-0.20515826376580087,0.33367432737426683,1.4940790731576061,102.93064919174721
0.9836361957891795,2.19089801323984,0.08617684238012002,0.10058120872896319,0.5391612741141966,36.93162620779174
-0.5225785415319466,-0.34404562884962536,0.13998846738685936,0.022212664516484088,0.5434534395827254,36.377370731750815
-1.2796891732042395,0.06485610634357618,1.2248705641936597,-2.2396040586617367,0.4014990550902875,2.7031704659201985
1.5430145954067358,-0.7395629963913133,0.052165079260974405,-1.6020576556067476,-1.1043833394284506,-90.60621809915665
0.6512100079495287,-0.0918110301344528,2.662726713718078,-0.5481374677891694,0.7257553441912135,42.38931840387795
0.622010464762692,-0.04217711271655591,1.0122750427570744,0.5019926638574678,0.6923288410819711,51.41812592438948
-0.30916851438148,-2.118450634640296,0.17506745883744323,-1.2426069384522895,-0.02769845883360259,-15.155884715039576
-0.9456157955562914,-0.37070400322045344,-1.3183958696447342,0.44971210023199254,-0.06727560892298173,0.3446614221630586
-0.07903467741059399,-1.1995179476375635,-0.28341000915465736,-0.38443809593426403,-0.06737499858532929,-8.599476730217042
0.3169426119248496,1.1880297923523018,-1.5447710967776116,0.8443629764015471,-1.0002153473895647,-57.4668489236088
-0.6289807075912683,-1.4317977780650375,0.5000166958573026,-0.011135627340667108,1.344074374673427,89.26093716748258
-0.6884461387207981,-0.5060765560786548,0.5978598778702686,0.034189767415725485,-0.7814846589618593,-51.601997961798176
0.48878574264347124,-0.36843634332291103,0.363084665238542,-0.20859932222445562,0.29740566031687127,17.542278400415526
-0.27929666927837216,-0.48972502237302673,-0.2722761011450806,0.5127175234723987,0.06859922748066052,10.05534132194694
0.41440587671697376,0.22941800764228448,0.9291818101673398,-0.10137442794204767,0.7466657174180171,48.566704191240945
0.9921368285185058,-0.6255570351092533,0.24660218626133443,-0.07565047058842289,0.4209182841756566,27.180288651632793
1.3014280716647608,-1.1791579306376878,-1.567767724308454,-0.5812684768603252,-1.6326345262344952,-114.79737048750165
0.583569926909304,0.20721739341095335,-0.6545701349975839,0.2477063784668243,-1.0182793255668514,-65.0609902061949
1.4333525028819918,1.1149623229474022,0.6081564276006415,1.6692508063769687,0.30198921035755294,37.967366998199665
-0.65240858238702,0.39009332268792646,1.9559123082506942,0.3990463456401302,-2.77259275642665,-180.10038840782977
1.6616518611847708,-1.2808067141489963,-1.176473154361083,0.5921490907817339,-0.7864684150712256,-45.95514225779018
0.6775570335877171,0.5727513668572158,-0.4310963375107571,0.5592989813908843,-1.063695591025548,-64.74257950261416
-0.8903415323551732,-0.228171237410288,1.5095769579226637,-0.5349771426628325,0.45664246117475177,24.63445770245982
-1.4899330082214923,-0.7731925102234387,-0.7243113192311228,-1.607320159234058,-0.9659538588418697,-81.457114555935
0.5270042084546597,0.008627898917576322,0.6168865543932788,0.19655740072878491,0.3547576931132181,25.697223481479675
1.149379383367124,-0.43046191188579297,-0.08645528271104713,0.9494055237932187,-0.16325494883317873,-0.6839339312693387
0.4347888054610397,0.6498296346799787,0.1404959074394759,-0.8185041405936757,0.8188393725993478,45.68250580149093
-1.2288951969348896,0.8491152114704448,1.5753068777322043,0.8474083554815338,-0.1987198463087681,-4.13518315815349
-1.4064596551036312,-0.4939267070859207,0.08584310534245199,-1.0980979603625587,0.5122667268259818,22.29986667551485
0.7856812957685704,-0.49346002106869596,-0.1067149250049791,1.5493112604678523,0.2928569206424722,36.074978382107105
0.11907108087232941,-0.5955338743056791,1.505753238757508,0.6941767203920137,-0.21420688476595026,-6.806868424024494
0.6559244113725019,0.5550479424104341,-0.7364911715057483,0.27623985201997375,-0.6252459225571738,-38.61874953730702
-0.2918373627478628,-1.6164741886510325,-0.35343174875719907,0.5672902778526694,-0.2226751005151545,-8.729529209881921
-0.5324376589989497,-0.7338167260261783,0.9396143935074498,-2.0492319132446664,-1.2566801281681221,-105.52513851642705
-0.48024903499492544,0.5009922321799466,-1.3751844793172407,0.6659671460695378,-2.53455446208423,-161.41103364603384
-1.4465778900358943,1.7367749569767108,-0.7781835214561222,1.0390964403783927,0.4790952240982286,42.99301625424507
1.5116393498843184,-0.7995934996704901,0.40955177823769134,-0.00041732641262016675,0.37415508597080255,24.876648091064
0.6129523681830006,-1.7126293226824552,-0.47622443631466943,-1.1711903354341404,0.5917269751515682,26.80078148319071
0.221090902956591,0.18431483979862612,-0.44172571221774953,1.0194852316393146,1.6428092343923126,120.1692706617191
-1.4797956153243483,-1.4834915533680013,0.004174999082500307,0.27919649251421025,-0.3770512062727785,-22.082250355542527
1.4668451704759207,-0.32649358374435633,1.5317530244259294,0.22717195148006147,-1.0537291281165362,-67.63840049700376
0.44386323274542566,0.12167501649282841,0.7610377251469934,0.144043571160878,1.454273506962975,98.2517948787383
-0.660608593976992,-0.3007838764760271,1.264983329856256,0.18949963754791346,-1.34841308775612,-87.63837248481398
-0.1977874516727299,0.8982406224036156,-0.17360823571938175,0.6772459164163702,-0.03191107563414087,5.134302886542273
0.2462227612764322,-1.218683829977197,0.499646955111966,-0.4190819928078221,0.39710623644977877,21.917091842173686
-0.9444462559182504,-0.46641909673594306,0.7863279621089762,0.9101789080925919,0.31721821519130206,30.84698795468707
0.9222066715665268,0.6140793703460803,-0.1550100930908342,0.8024563957963952,0.947251967773748,71.58971010340895
0.770330879327212,0.9367952162539889,0.1555907349688975,-0.7097851001194992,0.704642720749891,39.25336117850861
-1.3647582300824324,0.9901213838791937,-0.8391294028422137,0.4936440875248639,0.48701532598037944,37.675432357330855
0.5898798207345195,0.7679024077327037,0.03700572191014953,0.453781912635684,-1.8297404110045314,-116.81472950086935
-1.0985707275553296,-0.5494985463040403,0.2258404786026901,-1.582685641802789,0.9605572244572284,46.91882260940504
-1.0637799667446652,0.06405769200289954,1.2093849119638866,1.057214164194444,-0.1721861101765656,-0.12273243328242955
-0.9387914568843859,0.10031443363455471,0.24017964872746386,-0.5541288675149713,0.9666753728401993,58.34618056202504
-0.9228233149968279,-0.2983231689958337,0.8253722320875148,-0.7742950804868045,-0.2693897784512403,-26.21049007815414
-0.8361056043714298,-2.575202626769266,-1.3882334986698628,-1.3333422788907014,0.36778401092029667,10.171308126047734
0.13603121737437676,-0.21716311572416697,-0.7267120259827976,0.8261257084311929,-0.05775655837871275,5.010768925943115
1.042977594646376,-0.522619416398478,-0.008209882269614045,1.1710410646204883,-0.3265609776792077,-9.168979272476752
-0.4098545384398195,0.319649783134073,0.731551581862154,0.4968931448384696,-0.665041618158691,-38.90094597626432
1.428892424357976,-0.6904314293609605,-1.690997761809049,0.6220751965181025,0.8609732704959465,63.91952130042227
0.3114470715541555,0.47043314484648185,-0.32566946882017417,0.8672766288084278,-0.8483205228052325,-47.120412654981195
-0.13609770601017734,-0.12360076142695244,-0.5547328058313599,0.6787892942117894,1.1536180315824915,83.98791143735718
-1.653180501394323,0.04952955186798744,0.22700263763997056,0.9266912255245402,0.7850340544628239,62.133420866990306
0.8252167223304361,0.5284387653161191,-0.5086752518838716,-2.3688034526331565,1.3221941582008025,62.54460724224307
0.04949498165009074,-0.24945858016094885,0.8416312640736364,0.280441705316296,-0.9931236109295807,-63.03740450377175
0.40565222980465354,-0.8527142320673834,-0.42770925305757607,-1.1748201009950612,-0.12229235803258051,-20.72002582377897
0.6380240334954549,0.7930070706974274,0.12656880153077496,-1.461738342216723,-1.5487961370026657,-118.65598335886972
0.5232766605317537,-1.1680934977411974,-0.0392828182274956,-1.2928569097234486,0.26705086934918293,3.9063881275324412
-0.8586683980979283,1.2579499429459307,-0.5874814673275585,1.9103425015880429,0.5537811944266112,57.29458823880832
-1.4059629162678993,0.23810314783231212,-0.9443684908242939,-1.550429345083481,0.4173188210318355,11.13936108733218
-1.1506920042566469,-1.022855040804214,0.39756521561746616,-0.2507566767601495,-0.09406245036260366,-8.941844644573903
-0.4802420417382233,1.9470986428203578,-1.3651628772251687,-0.46931073627910674,0.8756956787795067,53.20486456276021
2.2542836988049624,-0.3961231977514495,-2.1630976483961257,-0.17482337161776695,0.6799440061159555,43.342773884243236
-0.745023216807689,0.31403384364714554,0.6289995874568216,-1.1076469009010301,0.23497719288905192,3.7579437714491633
2.315170634005945,3.8016602149671153,-0.12685587296261336,-0.3283011067224728,-1.0910329773767136,-76.07072090219722
-0.292459623789675,1.0341053793170707,-0.24093674651581024,-0.09323770074101535,-0.13953793548613924,-10.278198790938246
0.5275973827743159,1.0085972868601036,1.6142495472802274,-0.564317909682489,0.227345950143481,9.071985825696014
-1.5950626401298995,1.8989210228764966,0.9588875887899703,0.859492135848682,-0.7415559723866658,-40.104032512505995
-0.027848380506712504,-1.571750737493182,-0.5772256235992381,0.5311313733291978,0.15190052911452315,15.792130542059596
-1.5407970144446248,0.4814814737734622,-0.4635959746460942,-0.955945000492777,-0.34598177569938643,-33.250112091729946
-0.653284701927889,-0.6296504269401813,-2.1789315201949093,-0.9768953867353252,-0.5895799225452156,-49.673736345863304
-0.42060635287266646,-0.29111314769557883,-1.1904557322929719,-0.4313032376956794,-1.737049554446876,-120.1341084948206
0.38909396886572056,1.4737648151384048,0.8851875412089273,1.0400862450537032,0.16464380952639762,22.09276524414416
-0.5096521817516535,1.9507753952317897,-1.7062701906250126,-1.0485529650670926,-1.4200179371789752,-105.66521187126895
0.27522159888490594,-1.4536298763063145,-0.5108472982583961,0.04552197652342643,0.6320826033762621,42.52091261250773
0.7613911674961069,0.49444544306178945,0.3749687247031265,1.3968490876314008,-0.4328272686104105,-13.816205374079114
0.18811352001824805,0.30852274964082543,-2.163665561003783,-1.4129743739220386,0.5074303058021131,18.6044938390349
-1.5669947108616025,0.03976673458649517,-0.7075056975105769,0.8214059370248112,0.6705704503109099,53.39356786890042
0.587259379399826,0.8126740421090424,1.2433193844551549,-0.8871809418450403,-0.9327890415064383,-71.53571683459218
-0.23550331433385294,2.011243186157662,-1.377018570791137,1.1219073488477662,1.392837432756857,104.64368027295258
0.901897030868351,-1.9384589545584345,-1.104090709322169,-2.11653617655955,-0.21506302571862082,-36.97927403046518
-1.5706545936824716,1.1821020927663446,-0.09252812492373304,-0.5416783487002664,-0.8653023635241722,-63.345989164535226
0.10583464361677868,1.499491490138763,-0.5541312470844857,-0.42920929664647733,1.3752254204468972,86.85300196837409
0.1926161100346126,-1.1090727317943776,0.7635414664859205,-0.5062735331744886,-0.48948241875503073,-37.974811346691865
1.0824725539802533,-0.5635453097015977,1.9088834352052089,-1.3275238047834172,-0.6441716148314607,-57.06087495565048
-1.0225643912606857,1.0590272544419663,0.1971810551973674,0.5483281304979799,0.09866745381579567,12.43641379032163
0.41540062617112683,0.2843145189979445,0.016338084112892493,0.38141625420917086,0.0674922572408068,8.574896750894926
-0.45380404105200106,-0.3702424407043429,0.46616642603403075,-0.6872990371566635,-0.11747454641811148,-15.176083910262488
-1.1690957473220271,-0.7688491596748099,-0.5139029502799155,0.5670582125201824,0.9882405737426969,71.79324986683716
-0.2677477975311914,1.3102646033833285,0.3741379978015835,-0.27793996726827935,1.3637425928273423,87.7101799132741
-1.5182067051894348,0.30345193259462955,-1.4191855078936442,-0.05324304212791322,-0.7734995824944583,-52.007796126935276
-0.4164990824366925,0.9600477411499279,1.0547579251802828,-0.17781314370301254,0.25099811600832395,14.78606021355545
0.39494818896224776,-0.7735128027607114,0.06530560533834807,-1.468366956464426,0.5764787030585525,22.602670929622384
-1.0170162016248128,0.008554926006310748,1.8370806878677441,-1.0925408143911377,0.124118287733827,-3.452261394889245
-1.5776070685393473,-0.6621914435304808,0.44768321574265635,-0.2240923670629287,1.9677296821430459,128.45196054303884
-0.836111379500769,-1.1504377698185095,-1.0219133244269283,-0.06985649825618424,0.25011390688312557,15.88396567358153
-0.5109261812322631,1.5885306910975325,0.3903649435086224,0.7708369604049367,0.24316821540249173,24.429717570590874
-0.04225715166064269,2.259308950690852,0.3791517355550818,-0.41004969320254847,-0.017020413861440594,-5.525339183473191
0.23345807966231802,0.14410648512323182,0.7920414984229742,-0.5473555742986664,-0.5507994257068402,-42.49253540575347
1.3841867245808201,1.012168295174788,-1.1802856063511906,-0.9723179180265172,-0.28044778146745414,-29.067563542137236
0.11255753090645429,-0.3903926939855081,-0.6250273906846713,1.761266127419863,0.7540956636562427,69.0181132068907
0.09647914260523575,-0.5070599561429888,0.5220832533528241,0.15579393073158895,1.5200035175007434,102.74870615767526
-2.2315376387217634,0.8110896766545227,1.077314881367669,0.43618709534169425,1.5714630513097227,109.17501999450907
-0.415001671109624,0.17282467544035315,1.1404884241870903,-0.7410555334041294,0.060009066957123644,-3.949491177030415
1.3462210732223001,-0.9724028893524976,1.496139636951632,-0.8228283242942818,-1.4902653879072982,-107.91809714496974
-0.3767841091075349,-1.736241804300151,0.5569683168406292,-0.18954566825657565,0.4280281070213674,26.432754475000497
-0.32196267488288305,-1.0595255741309864,-0.7251887020881638,0.18668076046288756,0.7437629614008845,51.46004889095785
-0.7657021944780863,-0.13298842230959199,1.7549861537420586,-1.1776289624826308,-1.1401963009349616,-88.44020677850719
-1.601836048972537,-0.3854897603756083,0.18392549434030994,-0.38687084685064654,-0.5102927396336285,-38.07934303537797
-0.21120598363152,2.451229719075076,0.7086952731104266,-0.5232509433848951,1.021224743167163,62.304527952692126
1.5723303175352248,1.0810559440870733,0.9287419248069415,1.0122605100653357,-1.527631948178774,-90.74083641524331
-2.0182818683542165,-0.5053407218978849,-0.9880966879686112,1.0374447967309102,0.15919176666881152,21.701905334166394
-0.14829257131655407,-0.3350518317977343,-0.426220312625889,-0.9265796978079369,1.0785712860973493,61.79656461447731
0.11273794123573726,0.4683049076895917,2.1531197925705827,-1.604738529860987,1.4587147496759936,79.80975381177473
0.14180663915345446,1.6959695330141693,2.488441614331128,-0.9711706648243907,1.4263168607870274,84.44369399898632
-0.6677202863593994,-0.5911831037644297,-0.8376780419079453,-0.011145611841841251,0.011498899870062375,0.6452508769818249
-0.5186786872885925,-1.2920012510471275,1.3207943861279146,0.4331187294489333,-0.21018881379676232,-9.33678292639216
-0.11858662355009231,0.8621480568842673,-1.5422881507996786,0.5498568672963908,0.0008999266711071547,5.951303540313517
0.33890412521594454,0.2790957643924534,0.4631303293186071,-1.0546284639850139,0.8202478373246812,43.24620640821187
0.23622548956828351,-0.3232886362555003,-0.018429050193367217,-1.548471050728461,1.311427126349951,70.618082792805
-1.0093409873804438,1.8585561885911028,0.4941030260139194,0.205656674019517,-0.6764278388428852,-42.778586181953834
-0.587218564024521,-0.021911236145525564,0.707872158693135,1.712724930895694,-0.6872970225507311,-27.35385053019845
-0.6126257388749357,0.1339129226154759,0.10490716508551272,0.7741606098188164,-0.7744589687708259,-43.20635208892679
-0.17908240519380295,-0.6467920155914019,-0.3886429734726365,0.5267817052573492,0.10106084435747183,12.36471316436494
1.3821818883931385,-0.41021869278032874,1.4863992534663846,-0.355494774608452,-1.1974276956385663,-83.43728201388618
-0.17012230475116602,-0.7847847290606281,-1.4091847815561631,-1.3655527269208718,-0.20238121371907244,-28.08950405475553
-0.6110659144951346,-0.6817455237079176,-2.083234501912948,-1.777043606376519,0.12949283594138686,-10.428983643504813
1.1736112257517073,-0.6725830976695405,0.519269188599452,-0.3390328756905231,-0.034403749196223486,-5.9204100367468
-1.4219198716404369,-0.17531640232701995,0.9304084961111163,-0.6471814318477607,0.47224715008784873,24.469945014916114
-2.262243635243806,-0.4292238995721983,0.2080695296299638,1.5148822938930058,1.6043263194156412,122.91812430546798
0.0977861092290082,-0.5550736472466473,0.032329980768256265,0.6365867682363026,-0.06656284755383753,2.3943342546398627
0.22494804906437368,-0.8125160461856011,0.5514735468009196,0.064024197906828,0.705081101494469,47.573517591262124
0.9214083978105813,-0.6023318535828621,-1.014825907734441,0.7303517903770194,1.1045784735714765,81.2792742174513
-0.2821958766904351,0.2837695543833455,-1.2128678162090247,-1.5844735631509355,0.8444543066045863,39.17888192888528
0.4958506689654304,-0.11496176627749469,0.795549551769407,0.273729449524724,-1.3948401928346434,-89.82326794332548
0.33601574266199213,-0.035742733548173485,0.777604137902912,-0.6555450294843581,0.06751685717432486,-2.534022001441844
0.8775050628364339,0.24525585344341982,-0.48981473125860125,0.4221846079690917,2.009218561174876,138.13550471498638
1.5632476222398208,0.27449907872931695,0.08044517528521182,0.02437209760575236,-0.016738288347449826,-0.8519518965966623
2.4643219335153654,-0.22342611219469602,0.3424273512868276,-0.37754691905928855,0.8546427287124486,52.78806061708099
2.188618678822837,0.5979464913921806,1.2834550362665254,1.144553535284558,-0.018767055539892923,11.01535575553867
0.3979983232950984,1.629982244007823,-1.708320791867683,-0.7870327372626857,-0.5847709364174684,-47.31965186479434
1.193810490625256,0.7886293330657389,0.14947175855840594,-0.7880680345153491,-1.4406323431960173,-104.24508513282356
-0.12824197402770202,0.5311783665356953,0.8245572195642364,-1.1460004265074433,0.04706609465849369,-9.148987064202718
-1.466424327802514,-0.8133642592042029,1.079618592036821,-1.6760038063299767,1.15233156478312,58.6718565354406
0.1416671648715303,-1.0356057313844946,-0.8633555813417826,1.250569832543435,-0.2345380349087504,-2.1973876990166072
0.3036039044620014,-1.82425665593783,0.7200337593416528,0.555786964082873,0.010349314566299353,6.643221154697767
1.4805147914344243,1.9229420264803847,-0.7474548114407578,1.9436211856492926,-0.41361898075974735,-6.680457150524216
0.40198936344470165,0.12691209270361992,1.7858704939058352,0.7065731681919482,0.010500020720820478,8.26884661281099
-1.0995315929694833,0.23101868221727617,1.5141821310077979,-0.8367710426529883,1.6127285947520869,98.28000684166336
-1.2493385148615423,-0.8576702045753997,0.13906415030468255,0.6343866731890512,1.6292757699588616,115.14315153670918
-0.4248804445350682,-0.10252948077082732,-0.3381205430474389,-1.1247027147637332,0.2820853995153045,6.707870068334243
-1.3123941360108193,0.1561750572599972,0.7895075464057603,0.39196910263845125,0.5642871292929024,41.72456742302018
0.312633963013986,0.3636978927133631,0.3062033963037085,-1.3205253468280322,0.49908427567176655,19.04003519481158
0.15364446081566638,-1.6553440383096778,1.3674149824601585,2.2320163895251777,-0.10497970101895356,16.933914774338717
0.23546452538541993,1.5184829257797212,-0.7631157953450364,2.8814607131639636,-0.5938619153826878,-8.61800757831482
-0.37914756287992274,0.11514787314009216,-1.6606998118692633,-0.5900576458695397,-0.11048940506592783,-13.66967964808815
-0.31197610791621294,-1.3780834670640771,0.30833124595934525,1.5927707544174836,-0.25857263167677125,-0.12915328870096943
0.7364114036962718,0.5574867959048965,0.4201416222116938,-0.8632082190710727,-1.282503414295042,-94.53468510690871
-0.6958351193495473,-1.8300285504278102,-0.4034591834208012,-0.1888347802177838,-0.4122717546045429,-29.439134537482374
-0.2925942071580907,1.1767869623838638,-0.8721583977708226,1.602863629377136,0.4655891908949305,48.1353735037105
-0.9804592455621558,0.15706946285780823,-0.5363325211989141,-0.9090323262520912,-0.14517024419321808,-19.393601850623682
0.34697901989508123,-1.037881305610973,0.6633691666174051,-0.7808196377123294,0.7246446873555781,39.82237979348132
1.0137505474982607,0.33279821740445475,-0.48856622075462575,-0.9375093861087292,-0.3212589370580095,-31.408527142714085
0.22739277512112846,0.09945445703071175,0.021062021342063624,1.1541840304940192,0.1725044164928659,23.837995887467816
2.497200391587007,-1.051880102551674,-0.507517601657357,-0.5053583172644099,-0.8157915419939713,-59.664393029104765
-0.8541612608143545,0.0330897511387602,-0.5992242774597194,0.4183980113091925,0.4355461592956536,33.44653293869247
-1.8158888445178238,0.6440016988949112,-0.5832112948159864,0.317328953702337,0.6126807853910978,44.14298625588882
0.3954369639302893,-0.09587145005100088,-0.09694155765742592,0.8013010182970273,-0.0033314459337048874,8.36402580066999
-1.6832068070148176,0.09500266247483306,0.6342845103835338,0.7944416483012172,-0.6496164865120335,-34.68708980778091
0.982326983800298,0.17462957781357,-1.003265756903889,1.6973464810139491,-0.5666030246377041,-19.49253503227851
-0.2815754308001021,-0.7997861383857707,1.896182228633144,-0.7846874114294452,-0.3355806435831669,-30.72349730815464
-0.4957954945452093,0.06606026178649259,-0.1550358081183258,1.390533967073938,-1.6413486088230291,-94.24991250746521
-1.7140461160489964,-0.2003534800049874,-0.14244541750936937,-0.9592553926405882,0.5383296032761768,25.520667574008733
-0.09816121120593053,1.193611680749198,-0.1540723984248353,-1.913742670861507,0.6635615765913815,23.621644695310664
-0.8076484876163557,-0.18505367100934153,0.058925589181629955,0.35548179274376907,0.8145198224878663,57.973967554231855
1.6834579486728931,-0.028683237497593085,1.452877765517057,-0.4637044471339729,1.2061246217621702,75.23828699885148
-1.421903635278912,-0.10796194313364836,0.4886905912082333,-0.7035153156202221,-0.6150208487004943,-48.43640530487022
-1.0930615087305058,0.3960067126616453,-0.20829875557799488,0.6764332949464997,0.5765908166149409,45.590656891860384
-1.7410228083589014,-0.2916419863518446,-0.3752224007606727,0.5400944605248059,0.7324240097548762,54.49267679871616
-0.8358560674816213,-0.024549423642379036,-1.1022301909070906,0.6991361537186938,-0.29875960056993595,-12.376442253080594
0.36559146022463607,-0.5843752753113219,0.2879154322152784,0.7794605312590615,0.18342864666752473,20.54946469593463
0.39597621113961184,-1.8289766352959453,-0.09103266785780534,1.11699055941535,-0.27355577790782964,-6.223286780131133
-0.08328839569996337,-0.6783298378739697,-0.7371851695709141,0.6726367185680938,0.259832495003476,24.485713925776317
0.10233584683421988,-1.0331647752913673,-2.1481184782308977,-0.3781780468929897,0.8528890972688773,52.66468279455688
0.28267844916477,0.537396746876818,0.41227227166106994,-1.2637276218762068,1.6650494067904418,97.18467392068348
-0.21162031696117753,-0.17792734612129257,-0.31734888081902757,0.000340957933682014,-0.062204800659903636,-4.132933841028369
-0.42870206558582885,1.4622141707804195,1.4315677574492909,0.8179776072548057,-0.2789142751032398,-9.78340785038541
-1.7685384506770307,0.3562928174722889,0.7666631816450861,-0.5986539369229861,-1.1158969859603944,-80.62086859565831
0.1501152270061292,-0.6429525533528905,0.278081047967944,1.5470314969908445,-0.06028753363911904,12.566628367571425
0.14644077047824985,1.404545514939712,0.07821118109215218,-0.27177156649069667,0.21717963263828013,11.530428066916816
0.5086534882628998,1.7367670439015792,0.5230853256371931,1.7984120819273162,0.2246788552735834,34.21017099466736
0.04108222614387957,-0.3575790319685979,0.45615303582705535,0.8733118360704122,1.1997361764150378,89.1389621550791
0.9472242712937278,1.801449208620155,0.010257816959411624,1.3101965171995604,0.09143683319114727,20.118644307678878
0.10481160807228165,1.304213891849503,0.7386070289928207,-0.19928005491459203,0.6693924713925414,42.379060376217055
-0.08203415314548415,0.018922103882194737,-0.8215345170195275,0.5680073592264201,0.08261103215620101,11.579523782767442
-0.3090129690471222,-0.2977908794017283,-0.13288057758695562,-0.637437025552229,-0.39727181432879766,-33.248209290355284
-0.13190863977996706,0.895555985551324,0.6051200840821667,-1.7423561978092306,-1.3032427541123157,-105.3334994326854
0.6052213583318579,1.057957561481885,1.7476682304976985,-0.7469163370632707,-0.004841661335047561,-8.324826807745206
-0.8972370306825797,-1.0577538998724862,-0.8736306325459504,0.656463684255187,0.06585117910014719,11.412770335928165
-0.635846078378881,0.03183055827435118,-0.6743326606573761,-0.7699160744453164,0.5392491912918173,27.61050184423353
-1.9585489551365387,0.15925046837370244,0.307732574679432,-0.5615787496032209,0.20727074697361864,7.766344023895232
0.7130162297109377,1.7236962756672618,0.5049699814628403,0.48334185178057176,-0.12364962589203071,-3.0438544842231448
-0.1633989200064896,-0.22139049834706404,0.0634904803867693,-1.5858525751800243,1.0313191043566259,51.59051878685659
1.0544517269311366,-1.0707526215105425,-0.17992483581235091,1.8958891760305832,1.1787795711596507,98.70179616592304
-0.40318830684953333,-1.8269113783045177,0.8767267736904524,0.917221542115856,-0.05704286766218815,6.034278194777615
-0.8391241905992737,0.8505306835234382,0.07912172392953508,0.09600420496977001,-0.045113303693334814,-1.971371238455703
0.4064154936762062,2.1338682472045374,0.9725357891425369,0.23958275985639133,-0.3698011663038032,-22.024569048078487
-0.7917565156434644,-1.3629409472080096,-0.5609810031317565,0.19383173692841307,1.1320051336773298,77.35457175139287
-0.5028167006425383,0.18133842921782128,-0.43918952180214793,-0.5175190425104033,-0.9788298593587699,-70.6366532197167
0.6769080350302455,0.42625873077810095,-2.0699850250135325,0.7811981017099934,1.4944845444913688,107.75262053075947
-0.43782004474443403,-1.1474686524111024,-1.0799315083634233,-0.6634782863621074,1.126635922106507,67.81184646596085
1.6002678187487591,2.2904670705305388,0.540123026400494,-0.9196506900626618,2.6429357210147417,165.90023086922722
0.5717519912105644,2.925249584070652,-1.3788369718806728,-0.9418154744100065,-0.7028345962332642,-56.829248687953736
-0.27510872379022433,1.4774627866530685,1.0792167763922338,-0.2606511406966508,-0.5151983709538149,-37.05317992530368
-1.3234085832238809,1.4305568155799635,-0.07633908407864096,0.8833968424560664,-1.3004398566000828,-77.01339378634141
0.7188971655282916,1.183119557331707,1.4969109935208271,0.6133262263287012,-0.2859591514851729,-12.44463220925941
-0.0029647514383226645,-1.5064631659717183,0.8641213313776074,-1.6134230114988033,0.4646423988660639,13.611406876703601
-0.9234429683261504,-0.5198572681363137,-0.4184011597362882,0.252030988590127,1.7509188424532656,119.13559075684873
0.3994743352084918,-2.3488374199151116,0.8737310456606763,-1.1506056357540508,2.5544494187513775,157.5413634639038
-1.805251688630421,-1.1848874445717696,1.061600170035261,0.31112444609365353,-1.0783610908167798,-68.37690159459008
-0.8515225844037914,1.663038957754906,-0.21449510648859024,0.3383155392256595,1.4467920739203228,99.83581663091154
-0.7290446587946957,-1.7815628557055914,0.19506969715138117,2.011256681463137,-0.044595426455857026,18.584100867741434
-0.10800383678095793,-0.5286706589354886,0.4563633634807854,-0.42554221277144805,1.4219755592924648,90.00115308969833
-0.5070366321254438,0.31056471042047845,-1.3705719179606883,0.11187239689629835,-0.6757031433716509,-43.73524892651271
0.9736258362164425,-0.7831295390965802,-1.7575517494840955,0.13996282968821108,1.6486734733780837,111.13556878647447
0.28912050527881217,0.24078750974193844,-0.7994223995430966,0.44103290727315136,0.17879286573317985,16.615094128836144
-0.33379096035356415,0.3236257646091187,0.017515613278218337,1.269764750314304,-0.709854182146104,-33.60000090218626
1.133079879559722,-0.13105401154141233,-1.1183119243216322,-0.3638588099707899,-0.8056265075393678,-57.47232253083647
-2.3721938715130153,-0.37595996597125914,-0.7393953025101954,-0.2789816053030303,0.5298337834749577,32.244515072544885
-0.07785475594085076,-1.0180418752873648,-0.5142339659399888,-0.07392466628041514,-0.6585529668050037,-44.58549960123424
-0.08081161294374097,-0.9583744802265615,0.04613505895568493,-1.5329210534301279,-1.7119701640942213,-130.26966112079728
-0.8424944970914492,-0.17837110428033612,-1.999267591995332,-0.1027626850177936,-0.18231425542295646,-13.224857671800068
-0.49498570990553453,0.8498770749115637,-0.09834549020237666,-1.5922294876526424,-0.013649200799110415,-17.96765824445079
-0.6053545796354114,-0.8131170228331615,0.16349451684802313,1.7114889878999495,-1.8208161991253384,-102.74553159458853
0.9291451477686911,0.7035855546433883,-0.4808453408727291,-0.7038590359904466,-0.7707843007065652,-58.79827704035882
0.5048154563405017,-0.6516562090577808,1.4006890344430014,-1.0834266602642797,-0.1306203959951194,-20.29459811179796
-1.6659560767977184,1.914229697062814,1.2815113403641332,-1.3693911240471572,-0.7663275989635832,-65.63277339352611
0.33625402037041036,-0.5536423899312313,0.2890058923953664,0.16377044630461457,0.8024389101843935,55.11649582413605
-0.40403229385093714,2.594424587768152,-1.5415873996717875,1.9979560797500047,-0.8565493082342095,-35.552921709547235
0.8755091531413832,-0.300006659011757,-0.8795570973113842,-0.9932572174375524,-0.33462160595412205,-32.89444961835023
-0.8351926901914831,0.8065637678962596,-1.6845172554248828,0.9909091736848452,-0.18670911180977923,-1.7989314529426021
0.3464944420067607,1.1452621730192247,-0.02579855825448711,-0.2200757798203556,1.3086687523521792,84.6677857045023
0.2816745574804912,0.02321160432527294,-1.3228117007830182,0.7324852970073881,1.9070558424177735,134.66646339473496
-0.3263184621583181,0.5128364575927566,-0.46847604467972315,-1.348424319121701,-0.4015575444993436,-41.15110408485863
-0.237921729736007,-0.5973160689653627,0.23218103620027578,0.06326199420033171,0.1565065379653756,11.085426412033597
1.589922991397278,-1.1298772293938264,1.1204641498590484,-0.9759209971282051,0.02413016612085244,-8.851892987677804
0.3563663971744019,0.9766390364837128,0.2082749780768603,-0.40317694697317963,1.2224450703824274,76.972112208775
-1.5374376099035225,-0.6835675448918394,-0.2712600152319244,-0.5733674005671929,0.42488948686883665,22.111567708386573
0.5426107834987963,0.6354245265539955,0.87938994191337,0.1474344016509719,-0.9774648772458692,-63.42121780194284
-0.5762418162269032,-0.22482656127015146,1.0770374729475365,-0.11059050280820729,-0.4324319785784447,-29.941428199088026
1.4148741359224224,-1.3128496745497917,0.8246182196384677,-0.4468362536626212,-0.18375573024999226,-17.007302189699388
-1.6812884503233294,-0.8574284009369552,-1.372629648387735,1.3567872450534693,2.014014092532142,148.46823473049523
0.5684589189242769,-0.6311919417468571,0.6225191403049977,-0.4674931736578535,-0.8624932997247339,-62.36432845983463
0.5769345970532244,0.43163385281122324,-0.05010745879029284,-0.9669310884567346,-1.7317313464679263,-125.51945204956093
-0.24380379713912192,1.2353823920094769,-0.8348071635345082,-1.2489489330728745,-0.3302378932645443,-35.342552008215776
1.683367281239793,-0.4802871094783759,-0.003622817236501294,0.07100880518802974,-0.49353185049503623,-32.05878649735806
0.2400569292967187,-0.15901225155435933,-0.7436721747008731,-1.216076580745861,0.14067190330796092,-3.675082422974434
-0.2040078724765029,-0.33275876457522374,-1.2595961687997215,-0.8383111556987011,0.5614499095511267,28.35401684490903
-0.09143773124951071,-0.5410467819196708,-1.3293365693342671,0.2377796334525969,0.9751384105786284,67.39389699639266
0.7580380514217575,-1.3431925430884397,-0.6302257476306048,-0.3684154413875956,-0.36876353620555047,-28.469983236814095
-1.5230001361792946,-0.9782206161996707,0.2396239140894969,0.08700138572766068,0.04730450004105715,4.077903879957691
-0.8656336415860264,-1.0544458238911605,0.6703916888478308,0.37450028724228906,1.1550264345834975,80.82125527054849
0.8178618311849958,-1.3094121463310142,-1.4828833575740425,-0.8552404572508642,1.2572196508289941,74.44095495832505
-1.8059362626034217,-0.0037628171450240252,0.4448534381865086,0.5507886141027314,0.595423156763723,45.496773837156425
-0.8454413420675675,0.9072048681832476,-1.0489003714627145,0.695518311496303,0.005938814386502598,7.847081139077674
0.4879726826630046,0.8313510579847683,-0.9681860639071049,-0.3328117648522096,0.48042449611778676,28.38205808281469
0.8997308125715531,-0.23469435432292007,-0.48104402199403523,-2.810668054829197,-0.15065363802089335,-40.13338116146185
1.0044191922616248,0.6695623405090826,0.852829768274368,0.4809698500346235,-0.6354304386192672,-37.1024285124472
-0.09211211469195592,0.03126754702756948,-0.09165940810038319,0.23820019202203863,0.10523213705927585,9.550086173438128
0.2387528704061312,-0.8052983918515823,-1.440992098506151,-0.6475380256858186,0.6439040735006152,35.88122083338046
1.8675579901499675,2.240893199201458,0.9787379841057392,1.764052345967664,0.4001572083672233,45.51124216178223
0.4242526181008702,-0.22157439820400068,-0.8881882110855133,0.47329059491479947,0.7538656835623008,55.20276486682498
-1.1439806995987403,0.5043435751629946,0.40431434332899113,-0.2566501354804808,-0.0384766582389533,-5.308563891269121
1.9460495025458786,-0.06958855493879726,-1.4659143285079521,0.8895135530057614,1.5409329754091574,112.0019664901578
-0.36416980891575595,0.6500419730507697,-0.8436156065359265,1.483128627973814,-0.050082641464535414,12.560559093648017
0.3283012950007554,-0.8602624519575188,-1.0481704068254731,0.9387468756823101,0.6071116719160459,50.43084517002578
-0.6319037580051673,1.1813786012882859,-2.5591846663440965,-0.4438360931551978,1.0781973037142378,66.94406667621145
-1.6825011485930699,-0.09783833289729178,-0.8698654758981736,-1.3484316010532704,-1.558124143502248,-118.06226228297561
-1.1268408553685338,1.6147963790860258,0.45239941810369594,0.6244473192504323,0.054561384704993526,10.31896449191367
-1.6300026510237087,0.4080746493461687,0.7776072813422404,0.8303860053403918,-0.5216965249478154,-25.795351621224793
0.335844721405313,1.4028447401002433,-0.9108503776386525,-0.9467404109571895,1.1483505806911263,66.22083898417279
0.47232788618573723,-0.6259431149684574,1.570303911911232,-1.578530185941114,0.24395662390798445,-0.6902226388417212
0.8915153199892447,0.5809325888538347,-1.0559593590689562,-0.13789969889870665,-1.5003532761643297,-101.25024696433186
-0.11422555145018021,-1.0793431660249952,-0.24679355778875178,1.3185510180908366,-0.23929659114234414,-1.7854426520324278
-1.8184107066142372,-1.6018487535878922,0.04968521593657181,-1.593839508519545,1.0183730960488082,50.644039684314976
0.8097407308144474,-0.913594509977107,0.3759274257674802,0.2522707806121254,2.2856011815280666,154.69425880411367
1.2016978556675064,0.4066570874668812,-1.1980928801910382,0.9361075501096976,0.8091802968531627,63.84002499652885
0.14346392807138045,-1.056956767945215,-1.718649876612095,0.19677009008735558,0.9696237292240466,66.58777548487954
-0.11246598255955272,-1.6882300277714322,-0.026192237344250482,0.40520408032288807,0.4980524046828567,37.461799109734095
-0.039267991037953184,1.0415683888185818,0.1546688336463322,0.4140913537935951,-0.5072344618949226,-29.294034190430153
-1.794229271489721,0.050954277011289496,-0.8589199078076716,-1.0612222874459092,-0.2224770102429203,-26.165105954414102
-0.06312989997640252,-0.4042944206294937,-0.34228455976058164,-2.313201933697067,-0.3161415757497162,-45.80812679370324
1.0067039239223363,0.5273885275650071,1.1934145851406341,0.34404613799492395,0.7071580306332684,50.711936281843705
0.4038960208359738,-0.6081012569516899,-0.048344623779819615,0.16586352265353732,1.3291412827455533,90.16435730263662
-0.34419645646738123,0.21839707312993703,0.442846113746739,0.15647625694629896,-0.2163439782957261,-12.710192744597554
-0.5543096265713009,0.7849575212405001,-1.139802455426774,-1.951804101481602,-0.659891729729498,-64.79512554184227
0.2280533251240672,0.10471402943328433,-0.4223148241252707,0.555962679709798,0.8924738873315303,65.30593135193902
-1.099970807569307,0.27441699528200864,-0.524939422913999,0.7837444936747278,1.9013400518481125,134.8355845724673
-0.06149476428488614,-1.2663426769629542,0.522557601998812,0.4820806086722011,-0.05488818475438849,1.51523212999237
-1.5429214471542902,-0.8425717017130081,-2.3137731131722004,-1.29636038827543,-0.09302414444422329,-20.075952041234373
0.022959755607951444,-0.852585847170647,1.6819217400731377,1.7358789976857132,-0.667712720570559,-25.80341960107546
1.4498475253612189,1.2341440357800615,-0.8840147297480861,-0.3310106034017459,0.4502888306473442,26.397350529363827
-1.2550678964572015,-1.802410108496321,1.6075083425100718,-0.012613142334174172,0.3224277228710904,21.30613276252462
-0.3820254489503836,-0.14357951171632055,-0.8640449911023695,-0.30676577602700456,-0.40630313044506255,-30.305799523510736
-0.5098432421384791,1.3709890062911214,2.225944331738259,0.3269625954044574,0.33003511451031164,25.450415404640072
0.05182038948242156,0.6774621693464117,-0.8570781886711647,-0.8000824760846013,-1.0431294980353556,-77.94008079979534
0.272110643262288,-1.118525872587231,-0.8935453982997023,-1.6924057370564578,-0.9462206203561587,-81.05651653901133
0.4768983689222224,-1.3414967255830426,0.6119271927311578,1.4893559620744803,0.5213037482757137,50.62418122146262
2.5263682403559984,-1.4956795162570162,0.7041110221415822,-0.06205312579833403,1.2591671296108138,83.06909216451984
1.5105247319832755,-0.20138454328274422,0.945538789447106,-0.5262433407727581,0.18209977880956646,6.471090030988565
0.6577883804734809,-0.22841961629912938,-0.24028438286261147,0.484680287951626,-0.21941981576216138,-9.398181821448823
0.08753147092167086,-1.432735489934108,-0.061638052172214755,-1.0314824603152577,-1.4299912586854484,-106.14553012332289
2.014060154918468,1.3891453156779274,0.22558166356880352,-0.6579260925367952,0.9688826385630508,57.38082392326268
-0.34069234387793046,0.5990395263761841,1.0450233755026905,-0.7803044065015394,0.2711127964467149,9.668264264859689
0.8547312664723766,-0.2614903192380511,0.07626311007575626,-0.24068715267410348,0.6184217088551215,38.54587338567296
1.336527949436392,2.16323594928069,0.8235041539637314,-0.1715463312222481,0.7717905512136674,49.48563354542766
0.5580818806186658,0.9265583009670965,2.5402316207591715,0.47706809235686526,-0.35595149304680634,-18.559028801478735
1.801213990808535,-0.8152756611364586,0.597212504403425,1.2973420890928906,1.0013310173467296,80.48840739915462
-0.6522935999350191,-0.6894491845499376,1.3645318481024713,-0.764143923906443,-1.4377914738015785,-103.79983314499907
1.0614349597626391,0.8199531080617848,-1.3747943885085796,1.511865305196297,0.3222050829752719,37.62540010812115
-1.047780809725233,0.1705982015638863,-0.47705630581950126,0.47502700234693646,0.4059125202031037,32.08266440239498
-1.936279805846507,-0.05256729626954629,-0.5963140384505081,-1.188859257784029,-0.5068163542986875,-46.44109553114062
0.15923420122828,-1.7140565927207858,-0.29623165439820726,1.5610985568957498,-1.1315392420201487,-58.52033378161735
-2.832011869908987,-1.5799305296711237,-0.06366148878954943,1.7108365825466556,1.4144150427290236,112.38868116145579
0.3960865849565602,1.4229834965161061,1.0170209914132446,0.3930629339800916,-0.9389815726777853,-58.2303032505268
0.2704105592062632,-1.5922158847855856,-0.16761007899150177,0.7157834832427298,0.1586675489389538,18.220594758718015
0.251484415021537,-2.2886200400145285,-0.7931173627076716,2.4124536795437486,-0.960504381633148,-38.02473257341625
1.3599485416794843,0.8203217972614217,0.2524966270768724,0.4032645401632468,-0.9180047698190454,-56.72605128464224
1.0819352184772653,0.19796728994496746,-0.7946363210714987,1.0907497344345,-0.34624944764730997,-11.338536343710013
1.2312535595933083,-0.1733502083771995,2.2948811662553914,0.006861198539497956,1.1242217344467607,74.83367795472759
0.3431881096157692,0.6728704681422598,-0.834518035308024,-0.3936029239222302,0.16179068805163743,6.541725970387098
-0.49610233398256237,0.8299861590811032,0.29673317249411335,-0.3655510899860373,0.9380925409056455,58.46595962482809
1.1899780497958272,0.1983270593553415,-1.8814837985313415,-0.4132748053360386,0.42490267234987283,23.82776173638826
-1.8923618933173414,-0.3550287310553741,-0.3004787855854223,1.9050636405600176,-0.014777219659844777,19.429187473048998
-0.6780257815644504,-0.2675947462353477,0.9424681192203938,0.16392857245258663,0.09632135592119682,8.16173821143537
-0.21416665620008424,1.8495912466796365,0.019279384513077216,-1.1029062129553697,-0.1016972745548716,-18.57993979359852
0.28634368889227957,1.5363770542457977,-0.6920498477843912,-0.11054065723247261,1.0201727117157997,66.65656588519298
0.6562706609568888,0.9939022358478347,-0.8709388906246184,-1.220808861418892,1.3649389996008265,77.68734160784453
-2.2414489678050935,-6.835257171676114e-05,2.6673220888841764,-2.330467257653145,-0.5678032876795234,-62.72849023508357
0.027762131625501486,0.10571999546715494,0.44702415688567826,0.06763423006691976,-0.46302175410905094,-30.066037872622214
0.8318777850596785,-0.04716586765324164,-3.0064987150073263,-0.08732818705761503,-0.5539647407905779,-37.77404915729038
-0.264781762781015,-1.46699745995316,0.38340280074718575,1.7716566677923826,1.0756032832132407,90.50953326484921
0.37687652085089274,-2.004215715498915,1.0791947281124892,-0.6493379277303881,-0.02342310502145217,-8.514976226384524
-0.12443437140883637,-0.46492760438437,-0.9422464403062601,-0.5543451306135317,-1.1688303219673226,-83.66615992733519
-0.400986157896401,0.46079432770125556,-0.2563168936896428,0.21301716742988736,0.599369372522297,42.14013224063137
-0.15730528828056567,-0.0379070611841362,-1.6018409520745176,-1.9138007046699812,-2.285499448789645,-172.49000881469044
-0.5316059080114549,-0.7922866618061449,1.6815767162673276,-0.8402903954793065,-1.0068317522989838,-75.95710852705325
0.5462718669437655,0.8123335893418311,-0.5069066148368306,-0.7195738559179508,-1.2305460456453867,-89.54057203610958
-0.7771475095483107,-1.0347952847505888,-0.6544865051849597,0.1123076884272699,0.39237432765912555,27.296013987356364
0.1506981437872181,1.2639302023631946,-0.5157565452853529,-1.9058178747999275,-0.5680857202871936,-58.197352546735196
-0.14515181911507696,0.2417382882925378,-1.8246930632181337,-0.04587554920336953,-1.0570642914734951,-70.7857632591179
-1.8921000179007488,-1.1937324518522674,-0.550455855856248,0.5303887363061818,0.5679660232045155,43.45231352865155
-1.240693282327165,-0.8010068495784445,0.2941886439334482,0.3495766044131568,-0.2330164573599614,-11.749924161559456
-1.3698595019529423,1.4099521383961462,-1.8491307272754511,1.1035037667283756,-0.575255994806118,-26.43069970776704
1.0762003235376418,0.2159299177751089,1.5076155266493678,0.45868012604291086,1.192808645062071,84.23570026926012
3.1709747732901796,1.0490931879200103,-0.15602389099728736,-0.7199405321418947,-0.8935744023141913,-67.13606094075598
0.2390336012467649,-0.04932407014757259,-1.8180776303835695,0.20147994670443287,0.5407735853003902,38.11992680233919
-0.13594970067832082,-1.0600158227215473,2.303916697683942,-0.6280875596415789,-0.4810271184607877,-38.71771851231384
0.5979392060011154,-0.9565800088146263,-0.6707585162645776,-0.3600841185709736,-0.34969102444396033,-27.112404853777218
0.026878552742392616,0.45946259207941603,-0.26509988374247306,1.7773537755210145,0.10804657347187041,26.228554732304232
1.9595620052057678,-0.04404489737594127,1.0061070670975472,-0.032996480264666096,-1.5620143418292662,-104.22668704373133
0.436638474629293,1.8081318105789754,0.8809375610809715,0.7159388934369917,-2.994612860227619,-191.4692551131282
-0.2689138918396052,0.10225998517157352,-1.1436780190419749,-0.8268135316929666,0.4464316280745284,20.828552319961418
0.698096242470166,-0.1490771627338368,-0.1018051067202431,1.068730858335749,-0.23386641061453026,-4.101044500211227
-0.43592412295208854,2.5481126978151902,0.10205979106406736,-0.5717190334784398,1.0294089182309158,62.32945846624368
0.49661519848385155,0.9244340219585094,0.4195241084261415,-0.0365972929162469,-0.08422329652739403,-5.992928481935462
0.26990435494076137,-0.5693120534701851,-2.7396771671895563,0.09395322938556872,0.9430460873225178,63.718741533310805
0.40713033108324814,-1.1046901472056094,-1.7997711814667445,1.4977150273195634,0.565267202536451,53.637291643859484
-0.5935203173475259,-0.8751547489139164,-1.2142172813593393,-0.7200014312908092,1.2424939128184713,74.91072384529399
1.2970816199252337,-0.5967708210394816,-0.1358720669375292,-1.3545846185981127,-0.6348443273428107,-56.730559115391756
-2.256250117810419,0.867665218013112,0.7650019773845077,0.7071347443209272,0.030386131464882466,9.597279709194515
0.6041367404426842,-1.846531981664673,0.8020517387405159,-0.9831181837457077,-0.898321971432016,-70.27159714319458
0.9156034382368172,0.28169651332344753,0.2796890697140307,-0.25496220842011824,0.9568085535656985,60.895472865740096
-0.6620242701618574,0.5053006114271711,-1.1361648542567173,1.3960621957013388,1.1758522964347529,93.1517218435904
-0.08059851615012545,-1.212515744488909,-0.19240420779590675,2.079176664795037,-0.9074659814202977,-38.06861358094925
-0.05697905497773967,-0.3394543214647791,0.38900214065347916,-0.9131215375688202,-0.17845681489726312,-21.650955557394873
0.2144060132609824,1.5466718382124196,0.00361630095070307,-0.5714784150520992,0.6655892869546318,38.13821941922644
0.21950955579304526,-0.9127834941352918,-1.9457030831639588,-0.5457119740177824,-1.8845858449794477,-131.1710314899454
0.24099673204512106,1.2598753315170155,-0.8563028269952513,-0.9401565918724067,-0.39652373901631777,-36.441961084930675
-0.761573388256559,-1.3479254226291204,0.02033418170524325,1.2978457906510987,-2.36417381714118,-143.3105251267865
0.9206322907748945,0.8235554918687381,-0.16341844107608006,-0.060984982009884434,0.8375166726589024,55.040999691064584
-0.04140081155796743,-1.3597807255038137,0.42262862170882565,0.14844958138007808,0.5290452383344316,36.77180226498889
0.6343402407252743,-0.14048346443434195,-0.507693135936576,-0.1592295437005033,1.1579405294066338,75.29637582902903
-0.6173423465520904,-1.562408733870131,-0.025809761590854182,1.129723358996994,0.349003562090175,35.31301306853591
0.3263750897269907,0.003583205954583647,-0.45962644226943894,0.7669904505595512,-1.0260072516257819,-60.011007592511476
2.3807453512197503,-0.03576807186022113,-1.6108784034499337,-2.8345545052747023,2.1167910214836754,110.39458289605317
-0.8014968853943748,0.2711701846373109,-0.5256405931019397,-0.8877801366359354,0.9363985435524596,52.75786995768049
2.0644928613593194,-2.0306844677814944,-0.11610393903436653,-0.3909533751876011,0.49374177734918845,28.644690259418347
1.3423536912579532,1.336235090812621,-0.897409503631337,0.7335948682293696,2.0118642631265615,141.6480576574186
-0.7639064506388854,1.3335521621534268,-0.7138098179196208,-0.7888602568316244,-1.2830469592851959,-93.77422696275305
0.1387452512901793,0.8366359871577495,1.1794199812026458,0.12955452054621897,-1.4059670811426284,-92.1079671156563
0.19885284256455465,-1.371216493540673,0.47667925735983363,-0.5128120829418447,0.9652515172740048,58.69418490549629
-0.6600563201340829,-1.9686246897860202,-1.3322116545945017,0.8952602728899299,1.3749640663929898,101.02669336170926
-1.318877909506407,0.2247846596705589,0.2983350852543439,0.656259558520388,0.5922316836288041,46.41461431212619
0.05194539579613895,-0.9072983643832422,0.4627822555257742,-0.4017809362082619,-1.6301983469660446,-112.71224086761494
-0.20080851399566557,2.6805708407690005,0.9076987979878987,0.04985726659982265,1.3480357804247187,90.17787890031121
-2.083592339294925,-0.8640481389472264,-0.9713423198333271,0.6917845285123844,0.5643882091047265,44.94367108870216
-0.050603540961665895,0.1993001968964652,-2.201441285500558,2.0210435614847975,-0.46886418796679563,-9.524690327105109
0.12916217424037618,-1.1383239582150162,-0.4582291537024826,1.811505704820246,-0.8690775859999118,-38.38377416485386
-0.03495202238773435,0.11747498798796961,-1.6857280504675516,-0.4439600090394923,0.41820334865311676,23.053482587788736
-1.3938723556292718,-0.44900875861009637,-0.5121814114444011,-1.534958100371853,1.1567810014742463,60.478980472092104
-0.9248930731004674,-0.5787085129968689,-1.8240795520803668,-0.9415456753157148,0.2547155366937834,6.850230278828448
0.2756665493407744,-1.6417032288097841,-0.7308735859513859,0.7196681705373317,-0.24841930670503823,-8.808847821198455
1.0399917847066875,1.1772320543971655,-0.19353711101102694,-0.029294403574919636,-0.29233867585114426,-19.754246443012423
-0.8299645975379619,-0.4246633024328657,-1.0770990694039948,-0.898942156465536,0.07458640654355353,-4.671786881411283
-0.2976732522909799,0.08433792517812573,-2.318624987841042,-1.7055424063806028,-1.2570964242400484,-101.87034984385352
2.6962240525635797,1.2980219723262212,1.1002843382203737,-1.0299352833089765,-0.34994336458910474,-34.3063269394154
-0.8096265760401127,0.8591041927855306,-0.8601533849246632,1.3071838450812574,-0.46744100962590635,-17.07872232638279
0.6079925094063973,0.24664895525244618,-1.0513903986600646,-0.9420935888731159,-0.10321275146170758,-16.957686251117238
0.7301835311296144,-1.6961312668315431,1.2729537489199108,0.10015940809062349,-0.4751751058292485,-30.525737417452376
-1.0928966063260301,-1.0956712289725123,0.9219348042245775,-0.8907291830614958,-0.9206263730168693,-70.76492341893366
-1.3457732671621208,-0.9563119970921414,-0.2941586240537305,-1.4276754120355009,0.3529338202576331,8.173042780114894
1.1029474030487232,1.1348981993525427,0.5485517784032251,0.7387053177945938,0.24934693561308466,24.496323760296193
-1.342866619158899,1.2512923328000063,-0.6040330856396997,-0.8241472688054521,-0.16725256960323043,-19.95256141402689
0.27464720361244455,0.6888966666079323,0.6436312754533384,0.3711725526490392,-0.9898225495471192,-61.84574708278762
0.402341641177549,-1.2348258203536526,1.1394006845433007,0.7290905621775369,0.12898291075741067,16.389160805135024
-0.9118812985440116,0.10672049295195764,-1.0231731300289502,0.9763817445199473,0.17715833734131295,22.242410970216504
0.7811672661822455,0.8305173690425973,-1.7622288975408782,-1.8523426566950363,-0.7133269903920768,-67.28285990526014
-0.6597112472096701,0.21790338712166898,1.3289607475532235,0.10217832694397073,0.5049947217800111,34.67668053662384
1.7195893074161945,1.5199948607657727,0.14206180518723566,0.6845011068591904,0.3708250012811021,31.993779507144072
0.8656529228158533,-1.3707599825430605,0.3087512418366131,-1.016738648609769,-0.11477532477079817,-18.526378256422348
0.025385604406458987,-0.13783917859609385,1.0983035407325124,-0.603839552796151,-1.1495540632571182,-82.91460826053273
0.6663545422501889,1.2266639737874803,-1.5727964525481732,-0.05728119979051539,-1.4484668632479882,-96.93603789141386
1.5069803585585295,1.4130855368652668,2.110608533588019,0.7510995977945368,0.30028432362080115,28.01643260379839
0.2205076557571733,-0.045703960660234855,0.553132064207584,-2.655619092974933,1.5133280825732052,72.18181898369865
0.5833680068212987,0.5082991855939731,-1.9434568512868227,0.23868157093183537,-0.11622243953775185,-5.171370792070386
0.10056420309716296,0.7591566751082341,0.20733404604568986,1.1022825645880243,-0.6970730723601831,-34.544556919721785
2.412347741512654,0.2449852070881173,-1.0125859253379639,-0.16459473198041277,0.4146135180912649,25.80802885458865
-0.5633093592639145,-0.20697447492366403,0.6966506543362647,1.2466951408944356,0.7006801090936924,59.952619285880836
0.9138846582835071,-0.14948401214867044,-1.9370214074492393,0.7287815212615996,0.8855011096194775,66.69391821437222
0.3719555515649784,-0.04561428277485917,-0.5764546529569822,-0.8756818272205503,0.613981308469426,31.446918433960054
1.5522431800485608,-0.6006575576577885,-0.0722870075600049,-0.30496363785442043,1.0289354925948542,65.1561350720497
-1.3109703704412123,-1.1419014192038466,0.1584338467855317,0.09775080242218528,1.4015234160052454,94.24793579225022
-0.44816536268070806,0.09789614541262709,0.4524890926396464,-0.9327409107943778,-1.2630683491022754,-93.98727356715067
-0.13484605089366675,1.8831641466331788,-0.5210994753938543,0.4295471169127261,-1.3548612134830271,-85.49517316014742
0.0014710002454108063,0.651781261700616,0.3382254736851153,0.19272899649972683,0.6964386733914393,48.377812251433596
-0.04260192849103662,0.4303788847830499,-1.6646980393889146,1.1416479454761015,1.274155027515184,96.96287300641633
0.6663830820319143,-0.6801782039968504,-0.11816404512856976,-1.3065268517353166,1.658130679618188,96.26600843622671
0.7539914669784796,-0.6780954607862469,-0.20694471055729102,-0.7537044661806008,0.13768982590334733,1.0807116917487338
-1.775887999961829,0.4026255311300352,0.766919669661199,1.0653154920979948,0.9853175089398669,76.93746103021269
0.9076586249467652,-0.33406294836337086,1.817826413261076,-0.8212650744177591,-0.9136556404887338,-69.55709791391683
0.2256086544711038,0.5200406145708678,0.31716062629268876,0.2869044880033464,-2.3205942757907416,-151.24427090566746
-0.6264902231490875,-0.46189381535428464,0.07328543200764547,1.706468247260989,0.701783372117029,64.95223926846508
-0.5196042391018411,-0.30958091218045464,0.8761147661252163,0.6195428242526874,0.8924890045566711,65.98816811926127
-0.6272990613145605,1.0747038579701735,-0.7043411390789783,-0.9992784708194048,0.37494836156108974,14.227071025469177
1.5551140320590677,1.3660600684033315,-0.005927405833231806,0.7435535155083369,0.21035936662981292,21.955616772030908
-0.1595734381462669,0.6937731526901325,-1.3467175057975553,-0.4607197873885533,-1.3342584714027534,-93.66389452045915
1.469358769900285,1.5327792143584575,-0.1871838500258336,-1.4543656745987648,0.04575851730144607,-12.539929534053382
0.09244773546980858,1.5309323510288246,0.04253907402979072,-1.4513384981910251,0.02185735821987137,-14.096909463498418
0.52162522724034,0.6986502343077553,-1.0922179413406234,-2.010782268585878,-0.39256725796515246,-47.65010998722576
-0.014857703354702717,1.6961815728281606,0.44819528442331247,0.7726948371023817,-1.6615982911145637,-102.21636289511271
0.19782816784986781,-0.3234574724834238,1.3151376657209723,1.3426220105103532,-0.7399358529652597,-34.81978501066286
0.852551939461232,1.4665787155741776,1.1411018666575734,-0.7614922118116233,0.8579239242923363,48.89246438138944
-1.4061047713910109,1.209850126410305,-0.39079799608101357,-0.08561495423049709,0.25233143138452124,15.862585427658816
-0.3927581987612078,1.2146077552140275,2.0896104559969193,0.4540291738583826,1.3983631909398075,97.85513839666856
0.17742614225375283,-1.7262826023316769,-0.813146282044454,-0.672460447775951,-0.3595531615405413,-31.11519797441403
0.8625960113284511,-0.4243176209779015,-0.9087632459590531,0.7714059486768455,1.0294388287827672,76.72240281658787
-0.9347830262310605,-1.7766910189292493,1.3328053353574878,-0.8531286248616412,-1.430135207423932,-104.24412480076515
0.6974097032117701,-1.0188855993559092,-0.4468710650532969,-0.6428512989625678,-0.586346910920234,-45.87961674983254
1.0339569868127836,0.3036564735262783,-0.4736040569636581,-0.4533374321385169,0.8927081528737002,54.50733175903001
1.0531998980821111,1.996766001547786,0.9730800041496649,-0.2387763168452323,-1.0291129682993152,-70.99385614258276
0.37501991982015326,-2.2636603010358085,-2.3051668550435207,-1.0357477261952128,1.17782950470566,67.22750046403783
1.8209392740896755,0.6500845143723144,-2.157356373494461,0.4554199909368095,0.22290581962427333,19.702733594221762
-0.17392993030515583,0.8394906723176047,-0.011555520224301364,0.1346872623382376,-0.667723190916164,-42.96013561780334
1.8287754293882255,-0.4800336568182954,-1.4954108752602695,-0.2578948596093573,0.10881527091421338,4.4729365204259235
0.6764086845449899,-0.7853147218429327,-0.21758001739151095,-1.5864239252200945,0.19808703849313755,-3.825104046487011
1.3141544338139488,0.5108748218924175,0.89896739458806,-0.6285575802445897,-0.4870914317118235,-39.12602825520967
-0.9379475952614882,0.7117852680970441,-0.2881314527267264,-1.4108233133803365,0.1649127292546986,-4.149700102038809
-1.8381767396700122,0.556964120578887,-1.522768090504186,0.5066690260283885,-0.6222254717550558,-35.94895041302303
0.14630444600104425,0.5665453158182124,0.17371185298702344,-0.32473026508296,-0.5288698535561153,-38.64890425683871
-1.66184836721825,0.26473875775570727,-0.12915348246011388,-0.779923248925003,0.08907620249656334,-2.4329910826943424
-1.05747364780153,0.003222216443155699,-1.5914478754580315,-0.3611131347398661,0.6089623416545242,36.626522350431955
1.3925184494342724,-0.5100295397556169,-0.17346389707287913,-0.27682299477388833,1.123905305614439,71.77309229467116
-1.4633450608335004,-0.38583150011150147,0.6797094410202996,0.3388541621827366,0.7780035433679287,55.36749661801282
1.5427963382930518,0.5707885293815738,-0.9448701973880109,-1.607676579043177,0.4561636113551334,13.109142229190834
-0.461584604814709,-1.3159074105115212,1.117016288095853,0.9444794869904138,-0.9128222254441586,-50.582550015342576
-1.3852775837671982,-0.5247419549622203,0.8883388619968426,-1.0969249717331135,-0.9273629280729663,-73.42219217511193
-0.1162297003871491,0.5072389511096153,1.4350493867891545,0.25871644022974605,0.27560067398405635,21.099327686909106
-1.6337960176527973,-1.2028883245160027,-1.2135236027544805,-0.3434178640825921,-0.8472101779585292,-60.01859992485399
-0.9330778408941012,-0.3995688603234003,0.5355105697391037,-0.7088498201426061,1.4515280169745666,88.930867864268
0.23914558065378702,0.5310425069780597,0.2066905117080033,-0.03331928284515295,-1.5308034973994926,-102.15464072291167
-0.44846500620405927,-0.5892289865101498,1.151733974780799,-1.2631729120851543,-2.7773591454274333,-198.22725188173402
0.6641440493586505,-0.04727771569624714,0.12253131765330154,0.4160996344158233,-0.20090753320092672,-8.901934205618382
-0.669325698657654,1.1305173352117452,0.2957374388461356,-0.24949630037917458,-0.16645972668369233,-13.742721703098214
0.01747915902505673,-0.45553250351734315,-0.6895497777502005,0.681594518281627,-0.8034096641738411,-46.12336067796553
-0.38487980918127546,-0.7306777528648248,-1.1268258087567435,-0.13370155966843916,1.0777438059762627,70.23685562841305
-0.8868796038714377,0.7979131965667455,-0.6736641713091397,-0.4017637421265006,-0.4152313958216571,-31.91738327703238
-0.7554627263656334,0.5080679093914777,0.9667680111664602,-0.08511560251940574,-0.5643010333021604,-38.43770045170982
1.4558079518368434,-0.32775491729641676,0.040071456547775455,1.2577442174960383,-2.0866349794205425,-125.28400565731803
-1.2973796559567399,-0.07311964594819724,-0.521641509970619,0.6251186564337302,-0.813595997094507,-47.40585896149661
-0.2680033709513804,1.9100649530990337,-0.8612256850547025,1.8675589604265699,0.9060446582753853,80.26152063563718
0.9405872633227585,0.32875307613827526,-0.5072914485493871,-0.9768746409920792,-0.691029523923622,-56.41986004460479
-0.876531851439786,0.29377431076575306,-0.3930763957934435,-1.3301944123244955,1.5068007289494436,85.94905821741449
-0.7899540601421902,0.5712266310085558,1.634405644919902,0.5370345476746549,-0.2868352081945604,-13.320319142932735
-0.02714493066647462,1.3694021527220819,0.04019051577029376,-1.151150135626561,-1.4824759607426239,-110.91791875407473
0.46838523427705164,-0.6579510447611686,1.011842432994189,-0.5324899192090677,0.6450552734598769,37.190461628577246
-0.6599427051023377,-0.9402702359572048,1.561279598955807,-0.8396324471731914,-1.3682450953383907,-99.98385915759071
1.3047731862522596,-0.22227272995506198,0.15197519895579154,0.1950669227332314,0.36100236573525546,26.096521204639018
1.0069338249190907,0.3004783719254489,0.9432737373252609,2.0060264001769927,0.3040466665196556,41.71257957258931
0.05616534222974544,-0.31155253212737266,-0.5788496647644155,-0.6848100909403132,-0.8707971491818818,-65.24497916842438
-1.0124571527438062,-0.9325702298970132,-1.4269376854269915,-1.6847289588739411,-0.4994167610220383,-51.26203808253196
0.7438001537659823,-0.7095210107080003,-0.6850969803314269,0.9663057789708022,0.2102314391020942,24.33379586496931
0.12895705059199475,-0.2605598440471242,-2.3696232933022143,-1.5427579404376792,-0.7673321827911168,-67.5571219629546
-0.44876701310549916,-0.7214312955717558,-0.33210227734882514,-0.12040663866440973,-1.4793159799632536,-99.66384770629581
1.5237711976170534,-0.3362738590855785,-0.39282060354620846,0.09541187582686682,2.337409661478276,156.4588261826051
-0.9378802311514517,1.0645851361278518,-0.3615992807816198,0.35950439957101016,-0.14456681693373594,-5.76169717943146
-1.1884244215830193,-2.802202798391713,-1.4166034824256406,-1.7441877565539552,1.660607559894514,91.74138801627622
0.23908708037359924,-0.9733759675567485,-1.3065215229226008,-1.093895056734405,0.20579680373407996,1.9648075683392001
0.3995066830779558,0.09396829975542771,-0.0792093656717757,2.005891440375175,0.08165836317712996,26.922426481100988
0.9240203382627826,-0.13864624371736975,0.7085199408280056,2.078229962808275,1.136592857715686,97.85009771429073
-1.0007604902487501,-0.1527944634020866,-0.381735087240566,-1.3227331195217957,-0.4482827991587956,-43.9830401592065
-0.2589054009227414,1.566497880888604,0.21286138715690797,-1.306871642803693,1.5195988531871887,87.05001941007566
